{
  "version": 1,
  "author": "Muchamad Abdul azis",
  "editor": "wokwi",
  "parts": [
    { "type": "board-esp32-devkit-c-v4", "id": "esp", "top": 0, "left": -4.76, "attrs": {} },
    { "type": "wokwi-potentiometer", "id": "pot1", "top": 56.3, "left": -153.8, "attrs": {} },
    { "type": "wokwi-led", "id": "led1", "top": 63.6, "left": 167, "attrs": { "color": "red" } },
    {
      "type": "wokwi-resistor",
      "id": "r1",
      "top": 109.55,
      "left": 19.2,
      "attrs": { "value": "200000" }
    },
    {
      "type": "wokwi-buzzer",
      "id": "bz1",
      "top": -64.8,
      "left": 107.4,
      "attrs": { "volume": "0.1" }
    },
    { "type": "wokwi-mpu6050", "id": "imu1", "top": -63.38, "left": -112.88, "attrs": {} }
  ],
  "connections": [
    [ "esp:TX", "$serialMonitor:RX", "", [] ],
    [ "esp:RX", "$serialMonitor:TX", "", [] ],
    [ "pot1:SIG", "esp:34", "green", [ "v0" ] ],
    [ "pot1:VCC", "esp:3V3", "red", [ "v0" ] ],
    [ "pot1:GND", "esp:GND.1", "black", [ "v0" ] ],
    [ "r1:1", "esp:26", "green", [ "v0" ] ],
    [ "r1:2", "led1:C", "green", [ "v0" ] ],
    [ "led1:A", "esp:GND.1", "green", [ "v0" ] ],
    [ "bz1:2", "esp:27", "green", [ "v0" ] ],
    [ "bz1:1", "esp:GND.1", "green", [ "v0" ] ],
    [ "imu1:VCC", "esp:3V3", "red", [ "v0" ] ],
    [ "imu1:GND", "esp:GND.1", "black", [ "v182.4", "h105.68", "v19.2" ] ],
    [ "imu1:SCL", "esp:22", "green", [ "v0" ] ],
    [ "imu1:SDA", "esp:21", "green", [ "v0" ] ]
  ],
  "dependencies": {}
}